name,description,era,implementation,use_cases,do_examples,dont_examples,css_variables
Antigravity UI,Elements float weightlessly with extreme soft-diffused shadows and levitation effects,2024-2026,"box-shadow: 0 30px 60px -10px rgba(0,0,0,0.05); transform: translateY(-2px); transition: all 0.4s cubic-bezier(0.16, 1, 0.3, 1);",Premium B2C apps consulting landing pages luxury services,Ample negative space to let elements float; subtle parallax on scroll,Cramping elements together destroying the depth illusion; heavy borders that ground elements,"--shadow-float: 0 30px 60px -10px rgba(0,0,0,0.05); --lift: translateY(-2px);"
Premium Glassmorphism,Subtle high-end frosted glass with micro-borders and depth layering,2022-2026,"backdrop-filter: blur(24px) saturate(180%); background: rgba(255,255,255,0.03); border: 1px solid rgba(255,255,255,0.08);",Media players OTT UI overlays tech dashboards music apps,Placing over rich cinematic imagery or deep gradients; layering multiple glass panels at different opacities,Placing over flat white backgrounds where the effect is lost; using on text-heavy content reducing readability,"--glass-bg: rgba(255,255,255,0.03); --glass-border: rgba(255,255,255,0.08); --glass-blur: 24px;"
Editorial Brutalism,Stark layouts heavy typography fine hairline borders and raw structural hierarchy,2023-2026,"border: 0.5px solid #171717; typography scale: 1.250 (Major Third); mix-blend-mode: difference;",Fashion e-commerce high-end portfolios editorial magazines,Using massive typography for structural hierarchy; hanging punctuation and optical margins,Relying on color rather than typography for layout; using rounded corners which soften the brutalist edge,"--border-hairline: 0.5px solid #171717; --type-scale: 1.250;"
Bento Grid,Asymmetric multi-panel grid layout inspired by Japanese bento boxes with varied card sizes,2024-2026,"display: grid; grid-template-columns: repeat(4, 1fr); grid-auto-rows: minmax(200px, auto); gap: 16px; .feature-card { grid-column: span 2; grid-row: span 2; }",Feature showcases SaaS landing pages portfolio displays product highlights,Varying card sizes to create visual hierarchy; using 2-4 column grids with intentional spans,Making all cards the same size defeating the purpose; using more than 6-8 cards per viewport,"--bento-gap: 16px; --bento-radius: 20px; --bento-cols: 4;"
Aurora UI,Soft animated gradient backgrounds with organic color movement mimicking the Northern Lights,2024-2026,"background: linear-gradient(135deg, #667eea 0%, #764ba2 100%); animation: aurora 8s ease-in-out infinite alternate; @keyframes aurora { 0% { background-position: 0% 50%; } 100% { background-position: 100% 50%; } }",Hero sections premium backgrounds onboarding screens AI product pages,Keeping gradients subtle and slow-moving; using complementary or analogous color pairs,Overly saturated or neon gradients that cause eye strain; fast jarring animation cycles,"--aurora-from: #667eea; --aurora-to: #764ba2; --aurora-speed: 8s;"
Neomorphism 2.0,Refined soft-extruded UI with inset and outset shadows creating tactile depth on light surfaces,2024-2026,"background: #e0e5ec; border-radius: 16px; box-shadow: 8px 8px 16px #b8bec7, -8px -8px 16px #ffffff;",Settings panels media controls calculator UIs wellness apps,Using on light muted backgrounds; keeping shadows subtle (8-16px); pairing with rounded shapes,Using on dark backgrounds where the effect breaks; applying to text or small elements,"--neo-shadow-dark: #b8bec7; --neo-shadow-light: #ffffff; --neo-radius: 16px;"
Mesh Gradient,Complex multi-point gradient backgrounds creating rich organic color fields,2024-2026,"background: radial-gradient(at 40% 20%, #1a1a2e 0px, transparent 50%), radial-gradient(at 80% 0%, #16213e 0px, transparent 50%), radial-gradient(at 0% 50%, #0f3460 0px, transparent 50%);",Hero backgrounds premium cards app splash screens crypto platforms,Using 3-4 gradient points with complementary colors; keeping at least one neutral anchor,Using too many gradient points creating muddy colors; applying over text without sufficient contrast,"--mesh-point1: #1a1a2e; --mesh-point2: #16213e; --mesh-point3: #0f3460;"
Dark Luxe,Ultra-premium dark mode with gold/warm accents subtle gradients and rich material depth,2023-2026,"background: #0A0A0A; color: #FAFAFA; border: 1px solid rgba(212,175,55,0.15); box-shadow: 0 0 40px rgba(212,175,55,0.03);",Luxury e-commerce premium portfolios high-end dashboards abaya/fashion,Using warm accent colors sparingly; deep blacks (#0A0A0A) not grey-blacks; subtle gold borders,Using pure white text at full opacity (use 0.87); making accent colors too prominent,"--luxe-bg: #0A0A0A; --luxe-accent: #D4AF37; --luxe-text: rgba(250,250,250,0.87);"
Swiss Grid,Rigid mathematical grid system with systematic spacing and functional typography,2020-2026,"display: grid; grid-template-columns: repeat(12, 1fr); gap: 24px; font-family: 'Inter'; letter-spacing: -0.01em;",Corporate dashboards enterprise apps government portals data-heavy interfaces,Strict adherence to 8px baseline grid; consistent margins and gutters; clear hierarchy,Decorative elements that break the grid; inconsistent spacing values; too many font sizes,"--grid-cols: 12; --grid-gap: 24px; --baseline: 8px;"
Liquid Design,Organic flowing shapes blob animations and fluid borders that feel alive,2024-2026,"border-radius: 30% 70% 70% 30% / 30% 30% 70% 70%; animation: morph 8s ease-in-out infinite; @keyframes morph { 50% { border-radius: 70% 30% 30% 70% / 70% 70% 30% 30%; } }",Creative agencies wellness brands cosmetics nature-inspired products,Using organic shapes as background accents; keeping morphing slow and hypnotic,Using liquid shapes for content containers that need readability; too many animated shapes competing,"--blob-speed: 8s; --blob-radius: 30% 70% 70% 30% / 30% 30% 70% 70%;"
Retro Futurism,CRT glow effects scan lines neon accents and cyberpunk aesthetics on dark backgrounds,2024-2026,"text-shadow: 0 0 10px currentColor; background: repeating-linear-gradient(0deg, rgba(0,0,0,0.15) 0px, transparent 1px, transparent 2px); font-family: 'JetBrains Mono';",Gaming platforms music apps dev tools creative portfolios crypto,Using neon accents sparingly on dark backgrounds; CRT scanline effects at low opacity,Applying glow effects to body text; using on professional/corporate sites; overdoing the scanlines,"--glow-color: currentColor; --glow-spread: 10px; --scanline-opacity: 0.15;"
Organic Minimalism,Warm natural palettes earth tones ample whitespace and intentional imperfection,2024-2026,"background: #FAF9F6; color: #1C1917; border-radius: 0; font-family: serif; letter-spacing: 0.02em;",Wellness brands artisan products sustainable fashion interior design photography,Using off-white backgrounds; natural photography; generous line-height; asymmetric layouts,Using stark white or pure black; stock photography; symmetrical corporate layouts,"--organic-bg: #FAF9F6; --organic-text: #1C1917; --organic-spacing: 0.02em;"
Kinetic Typography,Text as the primary visual element with animated reveals weight transitions and scale shifts,2024-2026,"font-size: clamp(3rem, 8vw, 8rem); font-weight: 900; animation: reveal 0.8s cubic-bezier(0.77, 0, 0.175, 1); clip-path: inset(0 100% 0 0); transition: clip-path 0.6s;",Hero sections creative agencies editorial fashion event marketing,Using variable fonts for weight animation; clip-path reveals; massive scale contrast,Animating too many text elements simultaneously; using on body copy or navigation,"--type-min: 3rem; --type-max: 8rem; --reveal-speed: 0.8s;"
